{
  "c3_amp_cap": 3.996953352101904,
  "c4_amp_cap": 5.980406249273201,
  "c5_fwhm_thresh": 0.8959983018424097,
  "c5_amp_low": 3.34144196092633,
  "c5_amp_high": 5.170294986916306,
  "c2_narrow_fwhm": 0.5078044770424767,
  "c2_wide_fwhm": 0.8471949176506581,
  "low_amp_thresh": 2.0747431384197172,
  "confidence_thresh": 0.8997897159385424,
  "optimization_f1": 0.7846871054115931,
  "original_f1": 0.7504416252513285,
  "improvement_pct": 4.563376951377872,
  "timestamp": "2026-01-20T23:41:40.312630",
  "d6_sigma_used": 1.37
}